name,country,email
Cullen Kane,Belgium,a@aol.net
Heather Stafford,Russian Federation,enim@icloud.org
Salvador Luna,Brazil,aliquet@protonmail.com
Colt Durham,Italy,tempus.risus.donec@hotmail.com
Clayton Alvarado,Austria,sed@protonmail.ca
Kamal Bender,Belgium,purus.in@aol.edu
Logan Holden,New Zealand,quam.quis@aol.ca
Kieran Caldwell,Colombia,quis.accumsan@protonmail.org
Hiram Kirk,Indonesia,turpis.vitae@aol.couk
Christian Rivera,Germany,hendrerit.id@protonmail.net
Shad Potts,Philippines,malesuada@aol.net
Kai Waller,Canada,in.faucibus.orci@outlook.net
Iola Curtis,Ireland,fermentum.metus@outlook.net
Harlan Guerrero,Philippines,nunc.sed.pede@yahoo.ca
Leila Lambert,Canada,commodo@aol.net
Merrill Atkinson,Costa Rica,phasellus.dapibus.quam@yahoo.org
Rigel Burks,Sweden,eu.metus@protonmail.org
Rose Hutchinson,Sweden,convallis.ante.lectus@yahoo.net
Colton Jimenez,Vietnam,ornare@icloud.ca
Perry Dale,Vietnam,a.felis.ullamcorper@outlook.com
Ferris Goodwin,Norway,auctor.quis.tristique@aol.com
Hayden Daniel,Belgium,nonummy.ac@google.net
Teegan Murray,United States,sollicitudin.commodo@icloud.net
Oren Hurley,Sweden,varius@hotmail.edu
Zephania Davis,Ukraine,semper@aol.com
Hayes Buchanan,Germany,morbi.sit.amet@google.org
Justine Chavez,Brazil,inceptos.hymenaeos.mauris@hotmail.couk
Tyrone Rojas,Ukraine,nisl.quisque@google.net
Castor Phelps,Singapore,dis@hotmail.ca
Emerson Lara,New Zealand,donec@hotmail.org
Hillary Pacheco,United Kingdom,rutrum@aol.org
Warren Tucker,Canada,luctus@outlook.com
August Lowe,Turkey,vestibulum@outlook.edu
Eric Fisher,South Africa,vivamus.sit.amet@icloud.com
Urielle Rodriguez,Italy,sit.amet@icloud.org
Olga Bauer,Norway,sem.eget@icloud.net
Violet Taylor,Philippines,volutpat.nulla@yahoo.net
Aaron Stark,Nigeria,porttitor.scelerisque@aol.org
Angelica Faulkner,Poland,lacus.pede.sagittis@yahoo.edu
Nayda Thompson,South Korea,ante.ipsum@protonmail.net
Amir Jennings,Turkey,elit.sed@icloud.org
Lydia Pacheco,Philippines,ullamcorper.eu@hotmail.org
Riley Monroe,Vietnam,nunc.interdum@aol.couk
Vernon Lott,Poland,tempor.arcu.vestibulum@protonmail.ca
Bree Gordon,Canada,porttitor.interdum@icloud.edu
Ariel Wilkins,Philippines,euismod.et@hotmail.net
Noelle Vinson,Netherlands,mauris.elit@hotmail.org
Reed Ramos,South Korea,ac.mattis@aol.couk
Jameson Porter,Turkey,maecenas.ornare@aol.ca
Unity Gibbs,Netherlands,non.dui@outlook.ca
Kieran Vance,Mexico,augue.scelerisque@aol.edu
Gay Ramirez,Netherlands,pellentesque.tellus@aol.net
Merritt Bullock,Ukraine,in.faucibus.orci@yahoo.edu
Tanner Freeman,United Kingdom,tincidunt.adipiscing@protonmail.org
Amaya Delgado,Peru,quis.urna@yahoo.com
Skyler Neal,Sweden,posuere.at@hotmail.com
Raja Chen,Pakistan,hendrerit.id.ante@protonmail.ca
Urielle Mcdowell,France,ac@aol.net
Donovan Tucker,Canada,consectetuer.adipiscing@aol.org
Nina Maldonado,Costa Rica,id@yahoo.ca
Moana Drake,Norway,proin.eget.odio@aol.com
Laith Le,India,lacus@aol.edu
Chandler Simpson,Turkey,convallis.est.vitae@yahoo.couk
Avram O'brien,Spain,vulputate.velit@yahoo.net
Keely Wolfe,Italy,quis@yahoo.ca
Andrew Sargent,Austria,libero.integer@hotmail.edu
Rae Glover,China,luctus.et@outlook.org
Vincent Sparks,Ukraine,donec.fringilla.donec@yahoo.couk
Dai Santiago,India,pede.et.risus@icloud.couk
Kadeem Roth,India,ut@yahoo.couk
Quyn Burnett,India,sodales.purus@yahoo.ca
Philip Winters,Sweden,a.arcu@hotmail.ca
Octavius Callahan,Brazil,convallis@icloud.ca
Malachi Tillman,Mexico,lacus.ut.nec@icloud.org
Timothy Guzman,Netherlands,ullamcorper@yahoo.ca
Tiger Freeman,Brazil,aliquet.sem@aol.org
Juliet Reyes,Russian Federation,vel.mauris.integer@outlook.net
Savannah Bartlett,United States,mi.felis.adipiscing@outlook.org
Virginia Pacheco,Brazil,leo.elementum.sem@protonmail.net
Kyle Ochoa,Peru,felis@outlook.edu
Myra Hughes,Indonesia,enim.sed@yahoo.com
Carson Fernandez,Russian Federation,sed@hotmail.edu
Josephine Navarro,Peru,donec@yahoo.edu
Colton Klein,Brazil,lobortis@hotmail.ca
Alisa Chan,China,quisque.libero@yahoo.couk
Alvin Hoffman,Australia,nec.mollis@hotmail.net
Myles George,Italy,tellus@icloud.org
Kirk Mercado,New Zealand,convallis@google.org
Karleigh Haynes,South Africa,tellus@yahoo.net
Chiquita Dyer,Chile,eu.erat@google.org
Xanthus Valenzuela,Ireland,urna.justo.faucibus@hotmail.net
Evan Ferguson,Indonesia,eu@icloud.net
Rowan Valdez,United Kingdom,luctus.curabitur@hotmail.edu
Kermit Spears,Nigeria,quis.diam@yahoo.com
Cheryl Eaton,China,diam.lorem@aol.com
Alan Emerson,India,lacus.quisque@protonmail.edu
Charlotte Wise,South Korea,tortor@hotmail.com
Kiayada Ford,United Kingdom,ac.orci@protonmail.org
Abra Prince,Turkey,lorem.tristique.aliquet@hotmail.ca
Jacqueline Foster,Poland,vehicula.pellentesque@outlook.edu
Dana Leach,South Korea,sit.amet@google.edu
Indira Solis,Ireland,sed.consequat.auctor@google.couk
Chava Silva,Pakistan,a.feugiat@yahoo.ca
Cameron Montoya,Philippines,vitae.dolor@aol.edu
Dale Nash,New Zealand,elit.pretium@protonmail.org
Benjamin Chaney,United Kingdom,accumsan.neque@icloud.edu
Timon Moon,France,aenean.egestas@google.ca
Leah Woods,Pakistan,tincidunt.vehicula.risus@hotmail.edu
Theodore Murphy,South Korea,tempus.non.lacinia@outlook.org
Macey Campbell,Belgium,proin.vel@protonmail.couk
Colette Spencer,Turkey,mauris.vel@aol.edu
Carl Bradshaw,India,fusce@yahoo.org
Calista Donovan,Vietnam,adipiscing@aol.couk
Chloe Petersen,Belgium,massa@protonmail.edu
Stella Gay,Pakistan,sed@yahoo.edu
Cadman Hartman,United States,sed@google.org
Shaeleigh Kemp,Indonesia,enim.diam.vel@google.couk
Theodore Cox,Pakistan,sollicitudin.commodo@yahoo.net
Jared Sanchez,Colombia,enim.nec.tempus@google.edu
Mason Keith,Poland,donec@hotmail.org
Malcolm Contreras,Chile,non.dapibus@yahoo.org
Raymond Barrett,Indonesia,viverra@hotmail.net
Merritt O'donnell,Ireland,quis.pede@icloud.com
Dahlia Montoya,Russian Federation,diam@google.net
Chandler Velasquez,Nigeria,dui.lectus@protonmail.org
Damian Fox,Philippines,nunc@outlook.com
Austin Carpenter,Vietnam,ligula@protonmail.net
Fredericka Randolph,Philippines,nulla.facilisi@aol.net
Brenna Madden,Belgium,consequat.purus.maecenas@google.ca
Brenda Holman,Canada,neque.sed@outlook.com
Burke Mercado,Indonesia,vivamus.nibh.dolor@protonmail.org
Gisela Washington,Chile,etiam.vestibulum@google.couk
Axel Hays,Germany,arcu.vel.quam@yahoo.edu
Benedict Leonard,Italy,integer.aliquam@protonmail.ca
Dillon Barron,Brazil,sit@protonmail.edu
Francis Nguyen,Netherlands,proin.dolor.nulla@hotmail.org
Emily Figueroa,Canada,mus.donec@yahoo.org
Ulysses Wise,Indonesia,non.enim@outlook.couk
Ursa Hurley,Brazil,metus.aenean@google.com
Reagan Dorsey,France,dictum.eu@protonmail.ca
Breanna Torres,Philippines,cursus@google.ca
Penelope Cohen,Italy,risus.quisque@hotmail.org
Carlos Houston,China,natoque.penatibus@aol.net
Driscoll Bowen,South Korea,imperdiet.nec.leo@yahoo.edu
Ruby Deleon,Italy,ut.semper@protonmail.edu
Brian Lloyd,India,litora.torquent@aol.org
Sebastian Henry,Russian Federation,magna.ut@hotmail.com
Garrison Webster,New Zealand,eget.laoreet@yahoo.net
Desirae Murray,France,mauris@hotmail.org
Julian Curtis,Italy,sodales.mauris@outlook.com
Belle Cooke,Netherlands,ipsum.leo@yahoo.edu
Ishmael Stevens,United States,vestibulum.ante.ipsum@google.edu
Tamara Wilkinson,Pakistan,vivamus.molestie.dapibus@hotmail.org
Connor Santiago,Norway,auctor.mauris@outlook.ca
Marshall Cummings,Nigeria,duis.ac@outlook.net
Ferris Vance,Russian Federation,consequat.dolor@aol.ca
Dustin Olson,Indonesia,amet.ornare.lectus@yahoo.com
Lewis Savage,Costa Rica,eu.tellus@google.net
Alice Mckinney,France,sit.amet@protonmail.com
Vanna Pate,Peru,id@google.ca
Kristen Lowery,Poland,donec.porttitor@outlook.couk
Lydia Payne,Ukraine,justo.proin@yahoo.edu
Gavin Reese,Colombia,eros.turpis@outlook.net
Kelly Sawyer,Ukraine,id.ante.nunc@aol.couk
Evangeline Wagner,Singapore,nulla.tincidunt@hotmail.couk
Brooke Briggs,United States,tempor.est@protonmail.net
Quail Blevins,Sweden,penatibus@aol.edu
Octavia Brock,Singapore,vestibulum.lorem@icloud.ca
Sharon Reynolds,New Zealand,donec.elementum@google.net
Ulla Hayden,Nigeria,suspendisse.non.leo@protonmail.ca
Lyle Mills,Nigeria,dolor.dolor@aol.com
Willa Warren,Mexico,diam.luctus@protonmail.org
Ashely James,Belgium,suscipit.est@icloud.org
Iris Hanson,France,natoque.penatibus@google.couk
Holly Cotton,Costa Rica,cubilia.curae@hotmail.com
Seth Hull,United States,sociis.natoque@hotmail.ca
Luke Powers,New Zealand,sit.amet.massa@google.com
Kato Johnson,China,ut.tincidunt@aol.com
Henry Gray,Ukraine,dui.nec@hotmail.com
Angela Bond,South Korea,amet@yahoo.couk
Winter Floyd,Nigeria,suspendisse@aol.com
Jacqueline Drake,India,nunc@yahoo.ca
Pearl Harmon,Spain,accumsan@yahoo.com
Florence Evans,India,ligula.nullam@protonmail.ca
Wayne David,Australia,mauris.eu@outlook.couk
Cassandra Wooten,United Kingdom,eros.turpis@yahoo.edu
Harrison Cross,Mexico,non@icloud.couk
Jordan Macdonald,Ireland,enim.nisl@outlook.com
Meghan Scott,Turkey,sed.pharetra.felis@yahoo.net
Nathan Thornton,Poland,praesent@hotmail.couk
Francis Elliott,South Africa,ligula.eu.enim@outlook.com
Marny Conner,Colombia,interdum.enim.non@aol.ca
Stella Garrison,Ukraine,vehicula.pellentesque@aol.edu
Mira Gilliam,Russian Federation,in.condimentum@icloud.net
Jessica Guerra,Ukraine,lorem.sit@icloud.edu
Nash Mullins,Italy,ante.dictum.cursus@google.edu
Luke Cooke,Costa Rica,phasellus.dapibus@protonmail.edu
Althea Case,France,nibh.lacinia@google.edu
George Barker,Russian Federation,fringilla.euismod@protonmail.net
Cyrus Wise,Germany,curabitur@aol.com
Latifah Murphy,Poland,vestibulum.ante.ipsum@yahoo.net
Daphne Vega,Belgium,sociosqu@icloud.org
Karleigh Hall,Ukraine,adipiscing.elit@outlook.com
Kaseem Ellis,Singapore,fermentum.metus.aenean@protonmail.edu
Marshall Clark,United Kingdom,luctus.curabitur@hotmail.com
Chloe Coffey,United Kingdom,eget@yahoo.edu
Cathleen Santiago,Australia,venenatis.vel@icloud.couk
Halee Fletcher,Peru,magna@yahoo.couk
Carla Graham,Norway,metus.in@google.org
Illana Schroeder,South Korea,non@protonmail.ca
Riley Kent,Sweden,nec.mauris@protonmail.couk
Tatum Burnett,Australia,vestibulum.ante@icloud.net
Kylan Boone,Australia,iaculis@hotmail.com
Aladdin Myers,Peru,nam.porttitor@outlook.edu
Maya Dunn,Pakistan,consequat.lectus.sit@aol.couk
Ray Noel,Ukraine,diam@google.net
Evelyn Barron,New Zealand,pede@icloud.couk
Sharon Hester,France,consectetuer@google.couk
Dylan Hubbard,Turkey,metus.in.nec@yahoo.edu
Kelsey Baker,Australia,sed.libero@icloud.org
Akeem Wallace,Chile,ac.feugiat.non@protonmail.ca
Alika Gould,United Kingdom,vel.turpis@outlook.com
Skyler Shaw,Mexico,semper.tellus@yahoo.net
Cole Warren,Costa Rica,lectus@icloud.org
Thomas Lucas,Sweden,pede.nunc@hotmail.org
Morgan Myers,Turkey,lacus@google.ca
Tyrone Ball,Netherlands,tempor@outlook.org
Sonia Levine,Turkey,blandit.enim.consequat@yahoo.net
Nathaniel Byers,Brazil,malesuada.ut@yahoo.com
Tamara Trujillo,Turkey,integer@icloud.edu
Gannon Livingston,Vietnam,ipsum@google.edu
Lilah Kemp,Russian Federation,feugiat.lorem.ipsum@google.edu
Emily Anderson,Turkey,metus.aliquam@google.net
Uma Hopper,Sweden,cras.sed@yahoo.couk
Raven May,Pakistan,lacinia.sed@google.net
Noah Donovan,Canada,dolor.dapibus@google.edu
Cathleen Dotson,Germany,sit.amet@yahoo.com
Denton Burton,Colombia,pede.nec@protonmail.couk
Zachery Gross,Belgium,luctus.sit.amet@aol.edu
Ronan Copeland,Nigeria,vel.arcu@google.org
Madonna Mueller,Australia,nascetur@google.org
Blaze Hansen,Singapore,nec.urna@yahoo.com
Zia Mooney,Chile,dictum@hotmail.net
Callie Kinney,Ireland,enim.non.nisi@yahoo.couk
Rosalyn Hanson,Poland,convallis.in.cursus@aol.net
Xandra Blackwell,Norway,rutrum@protonmail.edu
Donna Slater,China,ac.risus.morbi@aol.net
Justina Stuart,Costa Rica,non.justo.proin@protonmail.net
Benedict Paul,Vietnam,egestas.aliquam@outlook.org
Priscilla Maynard,Philippines,ut.quam.vel@hotmail.edu
Jenette Flynn,Mexico,egestas.fusce@aol.edu
Jared Hutchinson,Norway,erat.volutpat@google.edu
Kylan Hines,Australia,mus@icloud.net
McKenzie Ellis,Australia,convallis.dolor@outlook.org
Margaret Baxter,India,ante@aol.ca
Constance Cherry,Chile,aliquet.nec@yahoo.com
Brody Hewitt,Belgium,vel.lectus@icloud.net
Wayne Ellis,Philippines,nonummy.ac@protonmail.couk
Gray Petty,France,enim@protonmail.edu
Dante Dunn,Ireland,facilisis@protonmail.net
Remedios Mejia,South Africa,risus.in.mi@yahoo.net
Sybil Vang,Belgium,sed.pede@icloud.edu
Francis Gay,Norway,erat.vitae@protonmail.edu
Rhea Arnold,Norway,pharetra@icloud.net
Lesley French,India,dolor.quam@icloud.com
Risa Barrett,Russian Federation,mattis@icloud.net
Adam Johnston,Philippines,vitae.nibh.donec@icloud.couk
Tamekah Holmes,Russian Federation,quis.massa@yahoo.edu
Selma Santos,Pakistan,metus.vitae@icloud.ca
Deborah Rosales,Australia,vel@aol.ca
Patience Rosa,Brazil,vel.turpis.aliquam@protonmail.org
Xena Massey,Poland,aliquam@google.org
Patricia Cervantes,Turkey,risus.morbi.metus@icloud.net
Lacey Cooper,Brazil,vestibulum@google.couk
Macey Goodwin,Italy,tincidunt.neque@outlook.org
Bruno Parsons,Philippines,mauris.blandit@outlook.couk
Oprah Blevins,China,aliquet@yahoo.com
Rafael Hodge,Sweden,augue.scelerisque@yahoo.edu
Tanner Nicholson,Italy,rutrum@outlook.org
Cameron Baxter,United Kingdom,arcu.ac@icloud.net
Addison Marks,Belgium,faucibus.leo@aol.edu
Timon Munoz,Turkey,dictum.mi@outlook.org
Aretha Tyson,Netherlands,convallis.ante@yahoo.couk
Maite Hendricks,Chile,lectus.sit.amet@google.edu
Alan Tran,Peru,mus.donec@hotmail.com
Ruth Neal,Pakistan,vitae@icloud.ca
Kennan Patel,Colombia,nascetur.ridiculus.mus@outlook.ca
Leah Carson,Germany,phasellus.vitae@protonmail.net
Samson Pennington,United Kingdom,id.sapien@aol.com
Dylan Perkins,India,convallis.dolor.quisque@hotmail.edu
Maisie Rodriquez,Singapore,phasellus@outlook.couk
Hamish Craig,Philippines,rutrum@hotmail.org
Allegra Forbes,Mexico,in.scelerisque.scelerisque@outlook.ca
Lucas Watson,Ukraine,enim@hotmail.org
Ivy Dillard,Germany,ipsum.donec@yahoo.org
Kenyon Fulton,Italy,congue.elit.sed@hotmail.com
Madeson Booker,New Zealand,aliquam.vulputate.ullamcorper@outlook.couk
Chadwick Stokes,Philippines,consequat.lectus@outlook.ca
Lareina Bray,New Zealand,venenatis.vel@hotmail.couk
Kylan Avila,Germany,tellus.sem@google.net
Quynn Boone,Indonesia,sed.pede.nec@yahoo.com
Axel Graves,Germany,est.mollis@icloud.couk
Wyoming Stout,Singapore,fringilla.ornare.placerat@aol.com
Derek Durham,Vietnam,eleifend.non.dapibus@protonmail.com
Avye Montoya,Norway,tellus@protonmail.edu
Clio Russell,Austria,ac.arcu@hotmail.couk
Calvin Pace,France,nascetur@icloud.net
Martena Bonner,India,ut.eros@yahoo.ca
Garrett Sweet,Chile,risus.quisque.libero@yahoo.com
Uriah Johns,Colombia,magnis.dis.parturient@yahoo.ca
Quemby Goff,Belgium,sit.amet@yahoo.org
Benjamin Patrick,Spain,neque.nullam.ut@google.couk
Galvin Summers,Nigeria,et.euismod.et@hotmail.ca
Timothy Gomez,Ukraine,diam.dictum@outlook.net
Eaton Huffman,Colombia,tincidunt.pede.ac@yahoo.ca
Len Jacobs,Turkey,enim@hotmail.ca
Tanisha Mckee,New Zealand,pede.sagittis@protonmail.ca
Barry Lowery,Costa Rica,massa.vestibulum.accumsan@aol.org
Dorothy Contreras,Sweden,egestas.aliquam@yahoo.org
Ivan Baker,Austria,dui@yahoo.ca
Leroy Best,Austria,nec@protonmail.ca
Skyler Kane,Peru,amet.luctus@aol.org
Tamara Gould,Sweden,auctor@aol.org
Arsenio Gallagher,Costa Rica,vel.faucibus@outlook.ca
Kalia Holder,Brazil,sit@outlook.couk
Paki Horton,Mexico,ullamcorper@outlook.net
Macy Martin,Mexico,sem.eget@icloud.net
Yvette Kirk,Norway,ipsum.leo@google.ca
Haley Dickerson,Sweden,interdum@outlook.net
Indigo Howell,Singapore,ornare.elit@yahoo.org
Hector Espinoza,Peru,aenean@protonmail.org
Mason Lynn,South Korea,sit.amet.faucibus@aol.edu
Carissa Martinez,Vietnam,in.dolor@aol.net
Kenyon Fry,India,mi.tempor.lorem@google.com
Kelsey Morse,Singapore,mi.duis.risus@aol.edu
Xanthus Snow,Chile,duis.gravida.praesent@aol.edu
Shafira Roy,Ireland,mi.ac.mattis@aol.ca
Warren Garcia,China,tellus.nunc@aol.net
Zachery Graves,Norway,eget.magna.suspendisse@icloud.couk
Germane Gates,Turkey,est.nunc.ullamcorper@google.edu
Iris Manning,Canada,sem.molestie@icloud.net
Abraham Wiley,South Africa,nec@aol.edu
Jason Holden,France,cursus.in.hendrerit@yahoo.edu
Drew Raymond,Nigeria,mi.duis.risus@google.net
Mason Little,France,tempor.erat.neque@aol.com
Branden Hood,South Africa,in.molestie@icloud.couk
Upton Guerrero,Philippines,nec.quam@protonmail.com
Richard Harris,Indonesia,cras@aol.couk
Barclay Benson,Turkey,a.enim@outlook.com
Katell Mcgee,Ireland,augue.id@outlook.org
Philip Estes,Russian Federation,adipiscing.mauris@aol.com
Nichole Strickland,Belgium,consectetuer.adipiscing.elit@protonmail.edu
Melvin Melendez,China,phasellus.vitae@outlook.couk
Zia Cole,Chile,semper.auctor.mauris@outlook.edu
Felix Sherman,Turkey,at.pretium.aliquet@aol.ca
Latifah Guthrie,Turkey,neque.non@hotmail.edu
Bianca Carpenter,Turkey,maecenas.mi@outlook.edu
Yolanda Greene,United Kingdom,aliquam.erat.volutpat@yahoo.org
Hayfa Sharpe,Peru,nam.ac@hotmail.net
Dennis Powell,Netherlands,integer.vulputate@hotmail.com
Ursa Stone,Austria,justo.sit.amet@protonmail.net
Kelly Irwin,Peru,proin.dolor@hotmail.net
Drew Cooper,Indonesia,dictum.eleifend@hotmail.ca
Stuart Curtis,Nigeria,velit.quisque.varius@google.ca
Martena Lindsey,Poland,est.mollis@icloud.couk
Gary Chase,Singapore,fusce.dolor@icloud.org
Grace Ramos,Australia,ante@outlook.org
Fiona Hunt,Mexico,vitae.semper@outlook.com
Alvin Sosa,United Kingdom,auctor@aol.org
Reuben Berger,Belgium,feugiat@protonmail.couk
Gregory Shannon,India,aenean.sed@google.couk
Briar Doyle,Austria,velit.pellentesque.ultricies@google.net
Jaime Velez,Nigeria,etiam.laoreet.libero@aol.org
Bryar England,Germany,fringilla@outlook.com
Virginia Delacruz,United States,semper@aol.org
Lysandra Willis,France,penatibus.et@icloud.edu
Kylynn Cunningham,Turkey,elementum.sem.vitae@icloud.net
Elmo Aguilar,Nigeria,dui.cum@hotmail.org
Alfreda Shepard,Pakistan,egestas@hotmail.com
Althea Mcdonald,Germany,cum.sociis@yahoo.net
Merrill Fernandez,Italy,sed@aol.ca
Priscilla Hayden,Pakistan,rhoncus.nullam@yahoo.org
Jeremy Melendez,Peru,vulputate@google.org
Charity Orr,Nigeria,vulputate.eu.odio@protonmail.edu
Hiroko Bartlett,South Korea,in@yahoo.edu
Dara Christian,China,mattis.integer.eu@aol.couk
Graiden Blanchard,Chile,neque.nullam@hotmail.ca
Noble Houston,Russian Federation,fringilla@hotmail.net
Teegan Spence,Colombia,nam.consequat@yahoo.edu
Matthew Miranda,Austria,enim.nec.tempus@google.net
Erin Phelps,Mexico,ultrices.vivamus@outlook.net
Rigel Santos,Turkey,sociis.natoque@google.com
May Bishop,Chile,lectus.convallis@yahoo.org
Adam Frye,South Africa,mi.pede@google.com
Lael Walton,South Africa,erat.neque@icloud.ca
Brianna Simpson,Mexico,eu.turpis.nulla@protonmail.couk
Kennan Grant,Philippines,eu.tellus@protonmail.org
Damon Delacruz,Germany,pede.suspendisse@hotmail.edu
Haley Byers,Poland,fermentum.convallis@icloud.edu
Fulton Norton,Belgium,amet@icloud.edu
Beau Matthews,Ireland,fames@aol.couk
Allegra Shaw,Canada,justo.eu@protonmail.edu
Clark Ballard,Sweden,congue.a@icloud.couk
Jakeem Reynolds,Spain,felis.donec@google.edu
Davis Martin,Sweden,neque.sed@icloud.net
Abdul Stevens,Sweden,consectetuer.rhoncus@aol.couk
George Howe,New Zealand,mauris@yahoo.edu
Kameko Bowers,Turkey,dui.nec.urna@outlook.net
Chloe Sullivan,Ireland,pede.blandit@protonmail.ca
Lareina Poole,Ireland,ac@outlook.edu
Elliott Leon,Ukraine,eu@outlook.couk
Aurora Mcneil,Sweden,libero.nec@icloud.com
Kevin Conner,Germany,enim.sit@yahoo.ca
Trevor Montgomery,Norway,lobortis.quam@google.couk
Jason Fowler,Austria,dapibus.rutrum@google.couk
Eleanor Vaughan,Colombia,ultricies.sem.magna@aol.ca
Gil Bonner,Ireland,nascetur@protonmail.net
Felix Pruitt,United States,faucibus.morbi.vehicula@google.edu
Keely Hanson,Poland,leo.in.lobortis@google.org
Kyla Hernandez,Mexico,lobortis.quam@google.edu
Lael Holder,Chile,velit.in@outlook.ca
Arsenio Robbins,France,dictum.cursus.nunc@icloud.edu
Brynne Howard,Indonesia,consequat@google.org
Audrey Hammond,France,vel.arcu.eu@yahoo.ca
Maryam Michael,Nigeria,curabitur.sed.tortor@protonmail.edu
Illiana Stephenson,Vietnam,magna.tellus@yahoo.edu
Oleg Parker,Germany,aliquam@yahoo.ca
Tad Haley,Netherlands,auctor.mauris.vel@protonmail.couk
Herrod Nelson,Ukraine,ut.nec@hotmail.edu
Petra Bates,Colombia,morbi.sit@outlook.ca
Chadwick White,Vietnam,dolor.elit.pellentesque@protonmail.couk
Harper Melton,Austria,tristique.ac@protonmail.org
Arden Pierce,Chile,eget@yahoo.net
Hoyt Blackwell,Belgium,dui.cum@outlook.net
Abdul Love,South Africa,volutpat@google.ca
Kaitlin Frazier,France,arcu@protonmail.ca
Joseph Curry,New Zealand,nunc.nulla@yahoo.net
Aladdin Scott,Canada,orci.adipiscing@icloud.edu
Reuben Monroe,Australia,aenean.egestas@icloud.edu
Anthony Galloway,Costa Rica,quis.arcu.vel@aol.ca
Judah Scott,Costa Rica,pede.suspendisse@yahoo.com
Zelda Black,Belgium,tempus@yahoo.com
Holmes Harvey,Indonesia,mi@aol.net
Marsden Underwood,Sweden,aliquam.nisl.nulla@yahoo.net
Barbara Ingram,Spain,vel@protonmail.ca
Lael Soto,Peru,nulla.interdum@google.edu
Lavinia Simon,Norway,felis.adipiscing@yahoo.ca
Ignatius Greer,United Kingdom,mauris@outlook.couk
Ruby Pate,China,cursus.purus.nullam@hotmail.com
Xenos Norman,Poland,nibh.donec@outlook.net
Bert Ewing,South Africa,at.libero.morbi@yahoo.com
Finn Campbell,Turkey,sem.nulla.interdum@google.couk
Danielle Wilkinson,Poland,rutrum@protonmail.couk
Adara Morrison,Germany,lectus.justo@yahoo.com
Fletcher Zamora,Ireland,amet.consectetuer@icloud.org
Ashton Alvarado,Chile,a.auctor@protonmail.net
Ora Hart,Poland,ac@outlook.ca
Mia Potter,Vietnam,cras@protonmail.net
Yeo Riley,South Africa,egestas.duis@icloud.ca
Cecilia Brady,Turkey,sit.amet.dapibus@hotmail.org
Yeo Ford,Germany,quisque.libero@aol.com
Joan Morrow,Vietnam,imperdiet.non@outlook.org
Leandra Rollins,Sweden,orci.lobortis@protonmail.ca
Forrest Christensen,Belgium,eu.accumsan@google.couk
Wang Mann,Ireland,risus@google.couk
Sydney Hall,Indonesia,a@aol.net
Armand Whitney,China,bibendum.donec.felis@yahoo.ca
Sarah Hickman,United Kingdom,neque.non@aol.ca
Amy Frederick,Ukraine,lacus.pede.sagittis@protonmail.couk
Noble Walker,Ireland,ac.sem@hotmail.ca
Ciaran Greene,Pakistan,auctor@aol.couk
Marcia Calderon,France,amet@hotmail.ca
Kyla Bryan,Ukraine,sed.pede@yahoo.net
Olympia Gaines,Russian Federation,consectetuer.adipiscing@aol.couk
Elijah Franks,Turkey,purus@protonmail.couk
Cedric Velasquez,Brazil,pede@aol.net
Keane Wheeler,South Africa,id.sapien@icloud.org
Rosalyn Stein,Italy,purus.sapien@protonmail.com
Noelani Cooke,Russian Federation,sed.pharetra@icloud.net
August Giles,Costa Rica,vivamus@hotmail.net
Stewart Chavez,Norway,ut.erat@outlook.ca
Mia Tyler,South Africa,non.bibendum@icloud.org
Wanda Gilbert,Singapore,mattis.cras.eget@outlook.org
Naida David,South Korea,in.dolor@protonmail.ca
Molly Santos,Chile,lacinia@outlook.edu
Cleo Hyde,Chile,fusce@hotmail.org
Keiko Summers,Brazil,lorem.vitae@protonmail.com
Roth Mathis,Russian Federation,auctor.velit.aliquam@outlook.edu
Shea Pace,Brazil,nec.ante@outlook.edu
Harrison Mcfadden,India,massa@icloud.ca
Stone Greer,Chile,penatibus.et.magnis@outlook.couk
Vincent Fowler,Spain,malesuada.fames@outlook.com
Shad Hernandez,United Kingdom,rutrum.lorem@google.edu
Nathan Ray,India,a.ultricies@aol.ca
Kiayada Vasquez,Germany,montes.nascetur@aol.com
Hilda Mckee,Brazil,auctor.velit@yahoo.org
Desiree Browning,Canada,mauris.sapien.cursus@outlook.couk
Ariana Hartman,Russian Federation,nec.diam@outlook.edu
Martin Flowers,Turkey,proin.sed@icloud.ca
Lael David,Canada,tellus@protonmail.ca
